City_ID,City,Country,Date,Lat,Lng,Max Temp,Humidity,Cloudiness,Wind Speed
0,Lebu,CL,2021-10-10 16:34:08,-37.6167,-73.65,56.84,70,86,6.96
1,Filingue,NE,2021-10-10 16:34:08,14.3521,3.3168,99.61,14,99,6.87
2,Jaora,IN,2021-10-10 16:34:09,23.6333,75.1333,78.37,66,91,6.26
3,Puerto Ayora,EC,2021-10-10 16:34:09,-0.7393,-90.3518,70.56,87,88,10.0
4,Busselton,AU,2021-10-10 16:34:10,-33.65,115.3333,53.04,72,100,11.23
5,Ponta Delgada,PT,2021-10-10 16:34:10,37.7333,-25.6667,74.12,83,40,10.36
6,Hobart,AU,2021-10-10 16:29:21,-42.8794,147.3294,41.05,79,27,1.01
7,Mataura,NZ,2021-10-10 16:34:11,-46.1927,168.8643,54.48,86,100,2.55
8,Pacific Grove,US,2021-10-10 16:34:11,36.6177,-121.9166,65.62,79,1,1.99
9,Rikitea,PF,2021-10-10 16:29:12,-23.1203,-134.9692,74.55,81,100,19.35
10,Saint-Philippe,RE,2021-10-10 16:29:14,-21.3585,55.7679,72.99,84,27,8.68
11,Hithadhoo,MV,2021-10-10 16:34:12,-0.6,73.0833,83.55,68,84,12.26
12,Jamestown,US,2021-10-10 16:34:12,42.097,-79.2353,71.19,73,1,8.99
13,Kaitangata,NZ,2021-10-10 16:34:12,-46.2817,169.8464,48.18,85,99,3.49
14,Constitucion,CL,2021-10-10 16:34:13,-35.3333,-72.4167,59.67,62,11,10.8
15,Cape Town,ZA,2021-10-10 16:34:12,-33.9258,18.4232,73.09,50,0,9.22
16,Barrow,US,2021-10-10 16:34:13,71.2906,-156.7887,28.42,86,90,11.5
17,Jalu,LY,2021-10-10 16:34:13,29.0331,21.5482,83.88,22,0,8.9
18,Avarua,CK,2021-10-10 16:31:08,-21.2078,-159.775,64.45,100,98,1.14
19,Bluff,NZ,2021-10-10 16:29:25,-46.6,168.3333,54.81,65,100,17.81
20,Namatanai,PG,2021-10-10 16:34:14,-3.6667,152.4333,79.18,78,26,4.34
21,Navalcarnero,ES,2021-10-10 16:34:15,40.2891,-4.012,74.66,60,92,5.28
22,Lompoc,US,2021-10-10 16:34:15,34.6391,-120.4579,79.12,70,1,7.0
23,Bitung,ID,2021-10-10 16:34:15,1.4451,125.1824,77.85,82,99,3.67
24,Macusani,PE,2021-10-10 16:34:16,-14.0833,-70.4333,54.16,49,44,5.68
25,Ushuaia,AR,2021-10-10 16:29:16,-54.8,-68.3,49.66,32,20,20.71
26,Saldanha,ZA,2021-10-10 16:34:16,-33.0117,17.9442,73.45,69,85,10.04
27,Cabo San Lucas,MX,2021-10-10 16:31:27,22.8909,-109.9124,91.51,48,20,2.3
28,Batticaloa,LK,2021-10-10 16:34:17,7.7102,81.6924,82.31,72,100,4.99
29,Kaeo,NZ,2021-10-10 16:34:17,-35.1,173.7833,49.32,93,53,3.04
30,Kandi,BJ,2021-10-10 16:34:17,11.1342,2.9386,88.72,43,67,3.51
31,Nanortalik,GL,2021-10-10 16:31:08,60.1432,-45.2371,38.44,55,20,6.35
32,Port Alfred,ZA,2021-10-10 16:34:18,-33.5906,26.891,61.59,61,14,17.0
33,Mar Del Plata,AR,2021-10-10 16:34:18,-38.0023,-57.5575,62.62,27,20,14.0
34,Nikolskoye,RU,2021-10-10 16:29:28,59.7035,30.7861,55.87,68,25,7.9
35,Creel,MX,2021-10-10 16:34:18,27.75,-107.6333,65.21,36,0,16.6
36,Ponta Do Sol,PT,2021-10-10 16:29:23,32.6667,-17.1,77.72,69,7,2.53
37,Hilo,US,2021-10-10 16:34:19,19.7297,-155.09,75.27,92,90,3.44
38,Saskylakh,RU,2021-10-10 16:34:19,71.9167,114.0833,12.0,97,100,6.87
39,Kosa,RU,2021-10-10 16:34:20,59.9445,54.9977,33.75,81,99,4.83
40,Punta Arenas,CL,2021-10-10 16:29:28,-53.15,-70.9167,51.91,40,40,35.68
41,Chapais,CA,2021-10-10 16:30:07,49.7834,-74.8492,56.98,90,100,9.26
42,Perigueux,FR,2021-10-10 16:34:20,45.1833,0.7167,67.41,59,47,5.39
43,Belaya Gora,RU,2021-10-10 16:34:21,68.5333,146.4167,18.93,76,100,3.65
44,Albany,US,2021-10-10 16:30:01,42.6001,-73.9662,66.02,76,91,1.01
45,Mahebourg,MU,2021-10-10 16:34:21,-20.4081,57.7,73.26,94,75,3.44
46,Castro,BR,2021-10-10 16:34:21,-24.7911,-50.0119,57.56,96,100,7.96
47,Bredasdorp,ZA,2021-10-10 16:34:22,-34.5322,20.0403,61.92,67,82,18.41
48,Qaanaaq,GL,2021-10-10 16:34:22,77.484,-69.3632,29.48,87,100,11.18
49,Carnarvon,AU,2021-10-10 16:34:22,-24.8667,113.6333,66.27,72,0,17.27
50,Dunedin,NZ,2021-10-10 16:32:24,-45.8742,170.5036,52.81,84,80,15.01
51,Kayerkan,RU,2021-10-10 16:34:23,69.3497,87.7602,23.54,95,99,6.17
52,Tomohon,ID,2021-10-10 16:34:23,1.3346,124.8392,68.94,86,99,1.9
53,Ketchikan,US,2021-10-10 16:34:24,55.3422,-131.6461,44.58,87,75,3.44
54,Magadan,RU,2021-10-10 16:30:01,59.5667,150.8,30.49,61,2,7.14
55,Tahta,EG,2021-10-10 16:34:24,26.7693,31.5021,95.32,15,41,9.37
56,Yellowknife,CA,2021-10-10 16:34:01,62.456,-114.3525,37.42,100,90,11.5
57,Naantali,FI,2021-10-10 16:34:24,60.4674,22.0243,52.21,87,90,12.66
58,Vaini,TO,2021-10-10 16:34:25,-21.2,-175.2,69.96,100,40,3.44
59,Narsaq,GL,2021-10-10 16:34:25,60.9167,-46.05,35.82,37,44,2.46
60,Talnakh,RU,2021-10-10 16:34:25,69.4865,88.3972,23.4,96,98,4.63
61,Iquique,CL,2021-10-10 16:31:09,-20.2208,-70.1431,64.44,66,4,11.01
62,Atuona,PF,2021-10-10 16:34:26,-9.8,-139.0333,77.99,72,5,17.02
63,San Quintin,MX,2021-10-10 16:34:26,30.4833,-115.95,70.07,58,0,3.09
64,Port Hardy,CA,2021-10-10 16:34:01,50.6996,-127.4199,48.2,87,75,5.75
65,Vernon,CA,2021-10-10 16:34:27,50.2581,-119.2691,46.13,74,51,2.3
66,Jauja,PE,2021-10-10 16:34:27,-11.7758,-75.4966,64.99,39,37,5.93
67,Nishihara,JP,2021-10-10 16:34:27,26.1842,127.7558,82.45,88,90,17.27
68,Kirillov,RU,2021-10-10 16:32:10,59.863,38.3813,46.33,84,41,7.45
69,Salalah,OM,2021-10-10 16:34:28,17.0151,54.0924,80.69,83,75,8.05
70,Churapcha,RU,2021-10-10 16:34:28,62.0025,132.4325,33.12,88,100,10.22
71,Kidal,ML,2021-10-10 16:34:28,18.4411,1.4078,97.21,6,60,11.68
72,Caldwell,US,2021-10-10 16:34:29,43.6629,-116.6874,56.98,65,20,4.61
73,Luderitz,NA,2021-10-10 16:34:29,-26.6481,15.1594,73.04,40,3,8.93
74,Omboue,GA,2021-10-10 16:34:29,-1.5746,9.2618,77.85,82,97,7.31
75,Mackenzie,CA,2021-10-10 16:34:30,55.2999,-123.1698,32.22,93,1,3.44
76,Kautokeino,NO,2021-10-10 16:34:30,69.0125,23.0412,37.13,93,90,4.29
77,Siocon,PH,2021-10-10 16:34:30,7.7061,122.1353,79.21,89,100,12.15
78,Inhambane,MZ,2021-10-10 16:34:31,-23.865,35.3833,69.78,73,75,16.11
79,Severo-Kurilsk,RU,2021-10-10 16:29:49,50.6789,156.125,44.6,86,100,19.91
80,Fare,PF,2021-10-10 16:34:31,-16.7,-151.0167,79.02,73,72,12.68
81,Khatanga,RU,2021-10-10 16:34:32,71.9667,102.5,16.36,96,100,6.02
82,Touros,BR,2021-10-10 16:34:32,-5.1989,-35.4608,88.7,54,62,14.12
83,Haines Junction,CA,2021-10-10 16:34:32,60.7522,-137.5108,21.15,93,80,0.0
84,Egvekinot,RU,2021-10-10 16:34:33,66.3167,-179.1667,19.26,85,100,6.89
85,Madimba,TZ,2021-10-10 16:34:33,-10.4,40.3333,75.96,82,78,10.13
86,Victoria,HK,2021-10-10 16:32:15,22.2855,114.1577,82.33,90,100,5.99
87,Kavieng,PG,2021-10-10 16:34:34,-2.5744,150.7967,82.0,78,83,8.41
88,Port Lincoln,AU,2021-10-10 16:34:34,-34.7333,135.8667,51.8,56,69,9.95
89,Maceio,BR,2021-10-10 16:32:27,-9.6658,-35.7353,87.24,66,75,9.22
90,Pisco,PE,2021-10-10 16:34:34,-13.7,-76.2167,64.02,82,82,12.66
91,Peleduy,RU,2021-10-10 16:34:35,59.6289,112.7406,32.14,85,100,11.86
92,Pevek,RU,2021-10-10 16:30:41,69.7008,170.3133,22.06,91,100,6.55
93,Quatre Cocos,MU,2021-10-10 16:34:35,-20.2078,57.7625,73.09,88,82,11.86
94,Gizo,SB,2021-10-10 16:34:36,-8.103,156.8419,80.91,79,85,6.55
95,Shimoda,JP,2021-10-10 16:34:36,34.6667,138.95,71.71,77,44,4.09
96,Port Elizabeth,ZA,2021-10-10 16:34:36,-33.918,25.5701,62.1,67,0,11.5
97,Kodiak,US,2021-10-10 16:34:37,57.79,-152.4072,45.91,46,1,12.66
98,New Norfolk,AU,2021-10-10 16:34:37,-42.7826,147.0587,40.71,67,72,1.01
99,Bol,TD,2021-10-10 16:34:37,13.4586,14.7147,90.19,38,83,9.55
100,Leshukonskoye,RU,2021-10-10 16:34:38,64.8989,45.7622,43.21,98,100,7.34
101,Havoysund,NO,2021-10-10 16:34:38,70.9963,24.6622,45.48,83,97,7.25
102,Porto Walter,BR,2021-10-10 16:34:38,-8.2686,-72.7439,100.31,32,46,3.65
103,Sayyan,YE,2021-10-10 16:34:39,15.1718,44.3244,66.34,33,81,14.07
104,Sovetskiy,RU,2021-10-10 16:32:58,61.3614,63.5842,29.52,56,6,4.23
105,Pangnirtung,CA,2021-10-10 16:32:03,66.1451,-65.7125,30.2,100,40,4.61
106,La Ronge,CA,2021-10-10 16:34:39,55.1001,-105.2842,43.05,70,90,0.0
107,Kruisfontein,ZA,2021-10-10 16:34:40,-34.0033,24.7314,59.88,66,4,16.82
108,Guryevsk,RU,2021-10-10 16:34:40,54.2833,85.9333,39.61,84,98,3.65
109,Prainha,BR,2021-10-10 16:34:40,-1.8,-53.48,95.86,38,100,5.55
110,Ossora,RU,2021-10-10 16:34:41,59.2353,163.0719,31.24,79,8,4.7
111,Axim,GH,2021-10-10 16:34:41,4.8699,-2.2405,78.15,86,100,8.7
112,Torbay,CA,2021-10-10 16:34:41,47.6666,-52.7314,46.58,74,90,19.57
113,Selfoss,IS,2021-10-10 16:34:42,63.9331,-20.9971,45.48,74,75,12.08
114,San Ramon,US,2021-10-10 16:33:49,37.7799,-121.978,65.5,71,1,0.0
115,Airai,TL,2021-10-10 16:34:42,-8.9266,125.4092,61.23,69,100,1.23
116,Ostrovnoy,RU,2021-10-10 16:34:43,68.0531,39.5131,42.58,95,100,3.69
117,Ribeira Grande,PT,2021-10-10 16:29:57,38.5167,-28.7,72.0,94,40,18.41
118,Awbari,LY,2021-10-10 16:34:43,26.5921,12.7805,86.34,10,0,12.55
119,Alofi,NU,2021-10-10 16:34:43,-19.0595,-169.9187,69.69,100,100,3.44
120,Narimanov,RU,2021-10-10 16:34:44,46.6927,47.8498,44.51,44,100,6.11
121,Guerrero Negro,MX,2021-10-10 16:34:44,27.9769,-114.0611,74.34,52,0,5.01
122,Dikson,RU,2021-10-10 16:33:07,73.5069,80.5464,29.19,75,100,22.88
123,Esperance,AU,2021-10-10 16:34:45,-33.8667,121.9,51.64,58,90,17.47
124,Madera,US,2021-10-10 16:34:45,37.1666,-119.8343,65.07,55,0,3.67
125,Dimitrovgrad,RU,2021-10-10 16:34:45,54.2139,49.6184,46.45,74,70,4.65
126,Manaure,CO,2021-10-10 16:34:46,11.7751,-72.4445,87.08,63,33,9.48
127,Hermanus,ZA,2021-10-10 16:34:46,-34.4187,19.2345,64.65,64,96,3.13
128,Butaritari,KI,2021-10-10 16:34:46,3.0707,172.7902,81.48,71,17,14.36
129,Jardim,BR,2021-10-10 16:34:47,-21.4803,-56.1381,76.66,85,99,7.43
130,Kirakira,SB,2021-10-10 16:34:47,-10.4544,161.9205,77.5,87,99,2.98
131,Bengkulu,ID,2021-10-10 16:34:47,-3.8004,102.2655,76.73,90,59,4.65
132,Tilichiki,RU,2021-10-10 16:34:48,60.4667,166.1,26.2,79,77,5.1
133,Clyde River,CA,2021-10-10 16:34:48,70.4692,-68.5914,39.43,70,75,11.5
134,Madras,IN,2021-10-10 16:30:48,13.0878,80.2785,80.58,89,40,3.44
135,Concepcion,CL,2021-10-10 16:34:48,-36.827,-73.0498,55.2,71,90,4.61
136,Upernavik,GL,2021-10-10 16:34:49,72.7868,-56.1549,32.25,99,100,10.65
137,Arraial Do Cabo,BR,2021-10-10 16:34:49,-22.9661,-42.0278,71.56,83,90,14.97
138,Waddan,LY,2021-10-10 16:34:49,29.1614,16.139,85.55,12,1,6.62
139,Bethel,US,2021-10-10 16:34:50,41.3712,-73.414,63.75,84,90,4.0
140,Hervey Bay,AU,2021-10-10 16:34:50,-25.2986,152.8535,71.02,73,0,14.7
141,Chuy,UY,2021-10-10 16:34:50,-33.6971,-53.4616,64.2,69,72,16.04
142,Batagay-Alyta,RU,2021-10-10 16:34:51,67.8006,130.4114,24.66,83,100,2.1
143,Arys,KZ,2021-10-10 16:34:51,42.4252,68.795,48.42,32,7,6.71
144,Kapaa,US,2021-10-10 16:34:52,22.0752,-159.319,75.52,76,90,5.01
145,Tuatapere,NZ,2021-10-10 16:34:52,-46.1333,167.6833,54.82,88,100,4.68
146,Atar,MR,2021-10-10 16:34:52,20.5169,-13.0499,99.84,10,15,13.2
147,Amberley,US,2021-10-10 16:34:53,39.2048,-84.428,80.38,72,100,4.0
148,Nalut,LY,2021-10-10 16:34:53,30.3333,10.85,79.72,31,6,11.45
149,San Patricio,US,2021-10-10 16:34:54,28.017,-97.5169,88.52,56,12,20.98
150,Sandviken,SE,2021-10-10 16:34:54,60.6167,16.7667,54.7,88,100,12.59
151,Codrington,AU,2021-10-10 16:34:54,-38.2667,141.9667,45.28,77,71,9.91
152,Kota Bahru,MY,2021-10-10 16:34:55,6.1333,102.2386,80.55,94,99,0.0
153,Leh,IN,2021-10-10 16:30:25,34.1667,77.5833,46.45,20,0,5.41
154,Thompson,CA,2021-10-10 16:34:55,55.7435,-97.8558,41.16,100,90,4.61
155,Keetmanshoop,NA,2021-10-10 16:34:56,-26.5833,18.1333,86.92,7,6,9.33
156,Pontianak,ID,2021-10-10 16:34:56,-0.0333,109.3333,80.58,94,75,3.44
157,Naples,IT,2021-10-10 16:34:24,40.8333,14.25,60.75,68,40,3.0
158,Alassio,IT,2021-10-10 16:34:56,44.0039,8.1671,66.42,64,40,18.41
159,Storslett,NO,2021-10-10 16:34:57,69.7678,21.0247,42.8,100,75,1.14
160,Ahipara,NZ,2021-10-10 16:34:57,-35.1667,173.1667,52.38,81,79,5.82
161,Kulhudhuffushi,MV,2021-10-10 16:34:58,6.6221,73.07,82.51,80,69,17.9
162,Bambous Virieux,MU,2021-10-10 16:34:58,-20.3428,57.7575,73.22,94,75,3.44
163,Coihaique,CL,2021-10-10 16:34:58,-45.5752,-72.0662,56.01,58,75,5.75
164,Mendi,PG,2021-10-10 16:34:59,-6.1761,143.6513,55.62,99,100,0.94
165,Provideniya,RU,2021-10-10 16:34:59,64.3833,-173.3,27.59,92,100,8.03
166,Basqal,AZ,2021-10-10 16:34:59,40.7552,48.391,43.32,83,16,2.1
167,Praia,CV,2021-10-10 16:35:00,14.9215,-23.5087,90.14,45,0,14.97
168,Xining,CN,2021-10-10 16:35:00,36.6167,101.7667,40.86,74,83,1.59
169,Mount Gambier,AU,2021-10-10 16:31:36,-37.8333,140.7667,40.91,93,40,4.61
170,Opelousas,US,2021-10-10 16:35:01,30.5335,-92.0815,84.22,58,40,12.66
171,Krasnoselkup,RU,2021-10-10 16:35:01,65.7,82.4667,26.28,78,35,11.03
172,Ishigaki,JP,2021-10-10 16:35:01,24.3448,124.1572,81.99,85,100,29.95
173,Grand Gaube,MU,2021-10-10 16:35:02,-20.0064,57.6608,73.38,82,54,7.0
174,Erzin,TR,2021-10-10 16:35:03,36.9559,36.2,78.01,40,0,3.04
175,Chicama,PE,2021-10-10 16:35:04,-7.8447,-79.1469,61.34,61,59,9.86
176,Klaksvik,FO,2021-10-10 16:35:05,62.2266,-6.589,43.72,81,83,26.15
177,Sorong,ID,2021-10-10 16:35:06,-0.8833,131.25,80.53,82,87,5.28
178,Lac Du Bonnet,CA,2021-10-10 16:35:06,50.2536,-96.0612,58.14,95,100,5.41
179,Porto Novo,BJ,2021-10-10 16:35:06,6.4965,2.6036,84.02,78,63,8.34
180,Hamilton,US,2021-10-10 16:33:11,39.1834,-84.5333,81.07,72,75,1.01
181,Saint-Augustin,CA,2021-10-10 16:35:07,51.226,-58.6502,55.78,40,82,6.49
182,Fortuna,US,2021-10-10 16:35:07,40.5982,-124.1573,54.93,65,1,7.11
183,Spring Valley,US,2021-10-10 16:33:37,36.108,-115.245,70.3,27,1,1.99
184,Monte Patria,CL,2021-10-10 16:35:08,-30.6919,-70.9467,72.25,19,0,7.34
185,Koppal,IN,2021-10-10 16:35:08,15.35,76.15,77.05,78,79,8.3
186,Kahului,US,2021-10-10 16:35:09,20.8947,-156.47,75.85,83,20,9.22
187,Kirksville,US,2021-10-10 16:35:09,40.1948,-92.5833,74.05,72,1,4.0
188,Mackay,AU,2021-10-10 16:30:47,-21.15,149.2,70.05,94,49,5.75
189,Sao Joao Da Barra,BR,2021-10-10 16:35:09,-21.6403,-41.0511,69.89,90,100,13.87
190,Sarangani,PH,2021-10-10 16:35:10,5.4033,125.4636,84.22,73,100,18.16
191,Rudbar,AF,2021-10-10 16:35:10,30.15,62.6,60.67,16,0,12.97
192,Akkermanovka,RU,2021-10-10 16:35:10,51.2467,58.2391,42.58,65,100,6.67
193,Ancud,CL,2021-10-10 16:35:11,-41.8697,-73.8203,60.42,73,88,8.37
194,Lata,PT,2021-10-10 16:31:22,40.1629,-8.3327,81.91,44,97,5.23
195,Kaduy,RU,2021-10-10 16:35:11,59.2,37.15,46.44,76,20,6.8
196,Dingle,PH,2021-10-10 16:35:12,10.9995,122.6711,75.31,93,100,7.85
197,Iqaluit,CA,2021-10-10 16:35:12,63.7506,-68.5145,40.73,70,20,2.3
198,Tuktoyaktuk,CA,2021-10-10 16:35:12,69.4541,-133.0374,30.2,86,90,10.36
199,Kastamonu,TR,2021-10-10 16:35:13,41.5,33.6667,53.89,91,22,3.38
200,Shuangyang,CN,2021-10-10 16:35:13,43.5242,125.6736,46.15,65,2,6.76
201,Sitka,US,2021-10-10 16:35:14,57.0531,-135.33,44.49,81,75,9.22
202,Karibib,NA,2021-10-10 16:35:14,-21.9333,15.8333,86.54,6,1,7.2
203,Cidreira,BR,2021-10-10 16:35:14,-30.1811,-50.2056,66.24,80,90,16.93
204,Talara,PE,2021-10-10 16:35:15,-4.5772,-81.2719,74.16,68,0,12.66
205,Straumen,NO,2021-10-10 16:35:15,63.8709,11.2999,50.5,85,100,6.91
206,Coolum Beach,AU,2021-10-10 16:35:15,-26.5333,153.1,67.1,88,32,9.57
207,Artigas,UY,2021-10-10 16:34:26,-30.4,-56.4667,67.46,86,100,12.95
208,Ormara,PK,2021-10-10 16:35:16,25.2088,64.6357,87.48,31,0,19.69
209,Logan,US,2021-10-10 16:34:30,41.7355,-111.8344,53.83,77,75,0.0
210,East London,ZA,2021-10-10 16:35:16,-33.0153,27.9116,61.74,63,0,11.5
211,Kabanjahe,ID,2021-10-10 16:35:17,3.1001,98.4908,63.36,96,100,4.65
212,Cherskiy,RU,2021-10-10 16:35:17,68.75,161.3,-1.48,99,83,5.3
213,Baruun-Urt,MN,2021-10-10 16:35:17,46.6806,113.2792,35.82,52,0,9.04
214,Babstovo,RU,2021-10-10 16:35:18,48.1167,132.4833,43.07,82,98,18.66
215,Katsuura,JP,2021-10-10 16:35:18,35.1333,140.3,73.51,68,76,12.57
216,Sandpoint,US,2021-10-10 16:35:19,48.2766,-116.5533,54.55,90,90,3.44
217,Denpasar,ID,2021-10-10 16:35:19,-8.65,115.2167,78.46,83,20,2.3
218,Aswan,EG,2021-10-10 16:35:19,24.0934,32.907,106.9,15,0,5.75
219,Cururupu,BR,2021-10-10 16:35:20,-1.8283,-44.8683,86.86,61,89,8.88
220,Palmer,US,2021-10-10 16:35:20,42.1584,-72.3287,63.81,71,90,4.0
221,Paamiut,GL,2021-10-10 16:35:20,61.994,-49.6678,36.75,57,98,8.57
222,Tres Arroyos,AR,2021-10-10 16:32:36,-38.3739,-60.2798,68.88,51,1,9.75
223,Nuuk,GL,2021-10-10 16:35:21,64.1835,-51.7216,36.21,75,75,6.91
224,Portland,US,2021-10-10 16:30:51,45.5234,-122.6762,55.35,92,75,1.99
225,Pampierstad,ZA,2021-10-10 16:35:21,-27.7832,24.6877,72.39,14,0,6.98
226,Sedan,FR,2021-10-10 16:35:21,49.6667,5.0,56.82,77,33,5.08
227,Faya,SA,2021-10-10 16:35:22,18.3851,42.4509,73.51,28,48,15.05
228,Krasnogorskoye,RU,2021-10-10 16:35:22,52.2953,86.1979,43.34,63,100,3.8
229,Bria,CF,2021-10-10 16:35:22,6.5423,21.9863,72.52,93,100,3.4
230,Winnemucca,US,2021-10-10 16:35:23,40.973,-117.7357,52.11,70,1,0.0
231,Chokurdakh,RU,2021-10-10 16:35:23,70.6333,147.9167,14.16,90,94,5.73
232,Kyren,RU,2021-10-10 16:35:24,51.6828,102.1408,35.13,69,0,3.53
233,Acapulco,MX,2021-10-10 16:32:43,16.8634,-99.8901,84.02,74,75,5.75
234,Coquimbo,CL,2021-10-10 16:35:24,-29.9533,-71.3436,64.13,48,0,13.8
235,Wanlaweyn,SO,2021-10-10 16:35:24,2.6185,44.8938,79.74,69,19,18.25
236,Brcko,BA,2021-10-10 16:35:25,44.8728,18.8083,48.04,85,100,13.6
237,Santiago De Cao,PE,2021-10-10 16:35:25,-7.9589,-79.2392,62.73,82,90,12.66
238,Faanui,PF,2021-10-10 16:31:56,-16.4833,-151.75,79.48,72,55,11.77
239,Sao Filipe,CV,2021-10-10 16:35:26,14.8961,-24.4956,81.23,71,0,4.27
240,Emba,KZ,2021-10-10 16:35:26,48.8264,58.1442,46.47,59,13,7.27
241,Turbat,PK,2021-10-10 16:35:26,26.0023,63.044,84.58,14,0,18.01
242,Saint-Pierre,RE,2021-10-10 16:35:27,-21.3393,55.4781,73.08,78,20,2.3
243,Guadalupe Victoria,MX,2021-10-10 16:35:27,32.2869,-115.105,77.95,13,0,12.19
244,Sungairaya,ID,2021-10-10 16:35:27,0.7,108.9,80.73,86,100,4.63
245,Hatillo,PR,2021-10-10 16:35:28,18.4863,-66.8254,90.86,72,19,8.99
246,Beringovskiy,RU,2021-10-10 16:35:28,63.05,179.3167,30.47,86,99,10.6
247,Burdur,TR,2021-10-10 16:35:28,37.7203,30.2908,70.5,37,0,5.75
248,Brae,GB,2021-10-10 16:35:29,60.3964,-1.353,51.71,84,38,23.98
249,Ipameri,BR,2021-10-10 16:35:29,-17.7219,-48.1597,75.18,67,99,6.33
250,Yeppoon,AU,2021-10-10 16:35:29,-23.1333,150.7333,64.18,80,1,7.96
251,Hualmay,PE,2021-10-10 16:35:30,-11.0964,-77.6139,69.04,74,63,8.72
252,Toucheng,TW,2021-10-10 16:35:30,24.8592,121.8233,82.35,93,84,6.04
253,Ust-Kuyga,RU,2021-10-10 16:35:30,70.0167,135.6,23.02,98,99,5.19
254,Svetlaya,RU,2021-10-10 16:35:31,46.5389,138.3297,50.5,60,97,17.47
255,Grand-Santi,GF,2021-10-10 16:35:31,4.25,-54.3833,98.56,33,94,4.03
256,Hit,IQ,2021-10-10 16:35:31,33.6416,42.8251,81.64,14,0,4.61
257,Jawhar,SO,2021-10-10 16:35:32,2.7809,45.5005,78.42,77,10,15.73
258,Gushikawa,JP,2021-10-10 16:35:32,26.3544,127.8686,82.4,82,1,18.41
259,Batie,BF,2021-10-10 16:35:32,9.8833,-2.9167,87.12,60,100,3.22
260,Sal Rei,CV,2021-10-10 16:35:33,16.1833,-22.9167,84.4,70,40,18.41
261,Sorland,NO,2021-10-10 16:35:33,67.667,12.6934,48.27,81,100,8.1
262,Akcaabat,TR,2021-10-10 16:35:33,41.0212,39.5715,64.27,77,75,5.75
263,Kisangani,CD,2021-10-10 16:35:34,0.5167,25.2,78.49,78,100,0.74
264,Khani,GE,2021-10-10 16:35:34,41.9563,42.9566,47.77,74,17,4.16
265,Ulaanbaatar,MN,2021-10-10 16:34:25,47.9077,106.8832,23.13,86,0,0.0
266,Geraldton,AU,2021-10-10 16:35:35,-28.7667,114.6,52.21,82,99,3.44
267,Maniitsoq,GL,2021-10-10 16:35:35,65.4167,-52.9,37.18,63,99,6.08
268,Sfantu Gheorghe,RO,2021-10-10 16:31:02,45.8667,25.7833,48.27,44,44,8.19
269,Kangaatsiaq,GL,2021-10-10 16:35:35,68.3065,-53.4641,33.28,65,100,8.39
270,Karratha,AU,2021-10-10 16:30:43,-20.7377,116.8463,75.34,42,5,8.28
271,Poso,ID,2021-10-10 16:35:36,-1.3959,120.7524,78.03,86,100,8.59
272,Japura,ID,2021-10-10 16:35:36,-0.3167,102.35,75.72,97,99,1.48
273,Ghanzi,BW,2021-10-10 16:35:37,-21.5667,21.7833,79.16,7,0,9.06
274,Pacifica,US,2021-10-10 16:35:05,37.6138,-122.4869,66.81,85,20,1.99
275,Maltahohe,NA,2021-10-10 16:35:37,-24.8333,16.9833,79.02,9,0,11.45
276,Tiksi,RU,2021-10-10 16:35:38,71.6872,128.8694,27.3,90,100,4.21
277,Longyearbyen,SJ,2021-10-10 16:35:38,78.2186,15.6401,19.24,86,20,11.5
278,Emerald,AU,2021-10-10 16:35:38,-23.5333,148.1667,68.14,62,0,6.91
279,Arman,RU,2021-10-10 16:32:12,59.7,150.1667,29.25,61,1,6.31
280,Salinas,US,2021-10-10 16:33:35,36.6777,-121.6555,66.04,69,1,4.61
281,Xuddur,SO,2021-10-10 16:35:39,4.1213,43.8894,83.71,48,94,15.32
282,Kestel,TR,2021-10-10 16:35:03,40.1983,29.2124,65.68,92,29,4.23
283,Port Hedland,AU,2021-10-10 16:35:39,-20.3167,118.5667,68.05,77,9,4.61
284,Vilhena,BR,2021-10-10 16:35:40,-12.7406,-60.1458,91.62,43,40,10.36
285,Sulangan,PH,2021-10-10 16:35:40,11.1373,123.7228,83.1,75,100,19.89
286,Tasiilaq,GL,2021-10-10 16:35:40,65.6145,-37.6368,33.96,64,0,4.47
287,Naifaru,MV,2021-10-10 16:35:41,5.4444,73.3657,83.03,80,97,15.32
288,Millinocket,US,2021-10-10 16:34:15,45.6573,-68.7098,58.41,75,40,5.75
289,Kyra,RU,2021-10-10 16:35:41,49.5776,111.9753,33.64,67,2,2.68
290,Ararat,AM,2021-10-10 16:35:41,39.8317,44.7049,53.94,36,1,1.97
291,Wharton,US,2021-10-10 16:35:42,29.3116,-96.1027,88.09,70,75,17.27
292,Coos Bay,US,2021-10-10 16:35:42,43.3665,-124.2179,56.23,97,90,0.0
293,Ushtobe,KZ,2021-10-10 16:35:42,45.2514,77.9838,46.2,78,100,11.99
294,Cockburn Town,TC,2021-10-10 16:31:01,21.4612,-71.1419,83.44,73,89,17.9
295,Homer,US,2021-10-10 16:35:43,59.6425,-151.5483,44.49,78,75,17.27
296,Ibotirama,BR,2021-10-10 16:35:43,-12.1853,-43.2206,101.28,18,65,2.84
297,Hearst,CA,2021-10-10 16:35:44,49.6835,-83.6665,64.65,74,63,8.46
298,Samarai,PG,2021-10-10 16:35:44,-10.6167,150.6667,78.85,80,100,10.69
299,Vaasa,FI,2021-10-10 16:35:44,63.096,21.6158,51.82,87,90,11.5
300,Solnechnyy,RU,2021-10-10 16:32:06,50.7214,136.6319,39.04,97,100,1.63
301,Sioux Lookout,CA,2021-10-10 16:35:45,50.1001,-91.917,62.98,100,90,6.91
302,High Level,CA,2021-10-10 16:35:45,58.5169,-117.136,37.51,65,20,3.44
303,Dale,US,2021-10-10 16:35:45,38.1689,-86.99,82.89,65,1,13.8
304,Dawlatabad,AF,2021-10-10 16:35:46,36.4141,64.9053,49.78,33,0,5.26
305,Sheltozero,RU,2021-10-10 16:35:46,61.3667,35.3667,49.8,80,91,15.82
306,Shache,CN,2021-10-10 16:35:46,38.4167,77.2406,49.91,36,98,13.11
307,San Andres,CO,2021-10-10 16:35:47,12.5847,-81.7006,87.82,74,40,12.66
308,Ilulissat,GL,2021-10-10 16:35:47,69.2167,-51.1,33.82,69,100,2.3
309,Tazovskiy,RU,2021-10-10 16:35:48,67.4667,78.7,28.72,72,79,16.64
310,Ugoofaaru,MV,2021-10-10 16:35:48,5.6667,73.0,82.62,79,100,15.9
311,Central Point,US,2021-10-10 16:35:49,42.376,-122.9164,51.3,80,90,3.44
312,Komsomolskiy,UZ,2021-10-10 16:35:49,40.4272,71.7189,50.72,71,97,4.61
313,Te Anau,NZ,2021-10-10 16:35:49,-45.4167,167.7167,45.63,95,100,5.82
314,Ayni,TJ,2021-10-10 16:35:50,39.3941,68.5377,41.43,71,77,3.85
315,Harper,LR,2021-10-10 16:35:50,4.375,-7.7169,79.63,81,100,7.72
316,Oistins,BB,2021-10-10 16:31:37,13.0667,-59.5333,82.49,83,75,23.02
317,Bilma,NE,2021-10-10 16:35:50,18.6853,12.9164,91.02,9,85,8.12
318,Puerto Varas,CL,2021-10-10 16:35:51,-41.3195,-72.9854,57.42,72,75,5.75
319,Lakhdenpokhya,RU,2021-10-10 16:35:51,61.5198,30.1992,51.82,84,100,12.01
320,Husavik,IS,2021-10-10 16:35:51,66.0449,-17.3389,39.11,95,99,3.42
321,Along,IN,2021-10-10 16:35:52,28.1667,94.7667,72.59,93,17,2.1
322,Unguia,CO,2021-10-10 16:35:52,8.0434,-77.0945,87.76,66,48,3.94
323,San Policarpo,PH,2021-10-10 16:35:52,12.1791,125.5072,81.19,81,96,13.53
324,Wittenberge,DE,2021-10-10 16:35:53,53.0,11.75,55.0,64,96,5.35
325,Dwarka,IN,2021-10-10 16:35:53,22.2394,68.9678,82.83,75,3,7.94
326,Los Llanos De Aridane,ES,2021-10-10 16:35:53,28.6585,-17.9182,71.35,74,40,16.11
327,Pak Thong Chai,TH,2021-10-10 16:35:54,14.7226,102.0251,75.87,94,100,4.61
328,Vostok,RU,2021-10-10 16:35:54,46.4856,135.8833,37.76,93,99,15.68
329,Nioro,GM,2021-10-10 16:35:54,13.35,-15.75,91.09,54,82,5.53
330,Indramayu,ID,2021-10-10 16:35:55,-6.3264,108.32,82.11,70,54,7.99
331,Camacha,PT,2021-10-10 16:35:55,33.0833,-16.3333,72.36,64,40,14.97
332,Arrecife,ES,2021-10-10 16:35:56,28.963,-13.5477,80.67,61,75,16.11
333,Mariental,NA,2021-10-10 16:35:56,-24.6333,17.9667,80.85,8,0,11.36
334,Chalmette,US,2021-10-10 16:35:56,29.9427,-89.9634,87.06,61,1,5.01
335,San Isidro,PE,2021-10-10 16:35:57,-12.1167,-77.05,64.26,81,75,1.99
336,Batemans Bay,AU,2021-10-10 16:35:57,-35.7167,150.1833,51.1,90,100,4.47
337,Ichhawar,IN,2021-10-10 16:35:57,23.0167,77.0167,77.09,62,5,1.43
338,Georgetown,MY,2021-10-10 16:35:58,5.4112,100.3354,81.9,87,20,1.99
339,Westport,US,2021-10-10 16:33:29,41.1415,-73.3579,65.08,88,90,14.0
340,Newport,GB,2021-10-10 16:35:24,51.5877,-2.9984,64.85,77,70,5.99
341,Clyde,US,2021-10-10 16:35:58,41.3042,-82.9752,78.19,72,97,17.81
342,Jacmel,HT,2021-10-10 16:35:59,18.2342,-72.5347,86.32,64,32,6.73
343,Krasnyy,RU,2021-10-10 16:35:59,54.5678,31.4333,40.55,73,14,4.9
344,Severodvinsk,RU,2021-10-10 16:35:59,64.5635,39.8302,50.11,89,100,14.9
345,Sibolga,ID,2021-10-10 16:36:00,1.7427,98.7792,76.6,88,64,2.8
346,Gemena,CD,2021-10-10 16:36:00,3.25,19.7667,73.99,91,98,3.76
347,Lorengau,PG,2021-10-10 16:36:01,-2.0226,147.2712,81.12,77,95,5.5
348,Ashland,US,2021-10-10 16:36:01,40.8167,-82.2665,75.81,72,94,13.67
349,Naze,JP,2021-10-10 16:36:02,28.3667,129.4833,77.52,87,41,16.37
350,Dryden,CA,2021-10-10 16:34:01,49.7833,-92.7503,62.89,88,75,8.05
351,Razole,IN,2021-10-10 16:36:03,16.4833,81.8333,80.89,88,24,1.99
352,Shu,KZ,2021-10-10 16:36:03,43.5983,73.7614,44.76,83,100,12.08
353,Carutapera,BR,2021-10-10 16:31:25,-1.195,-46.02,86.95,60,33,11.39
354,Pali,IN,2021-10-10 16:36:04,25.7667,73.3333,86.13,42,1,5.95
355,Pangoa,PE,2021-10-10 16:36:04,-12.1167,-73.0,92.05,40,27,5.57
356,Qandala,SO,2021-10-10 16:36:04,11.472,49.8728,86.25,67,92,2.21
357,Buala,SB,2021-10-10 16:36:05,-8.145,159.5921,78.8,84,78,3.18
358,Ankang,CN,2021-10-10 16:36:05,32.68,109.0172,55.65,94,100,2.08
359,Abu Dhabi,AE,2021-10-10 16:36:05,24.4667,54.3667,91.51,52,0,10.36
360,Chilca,PE,2021-10-10 16:36:06,-12.5211,-76.7372,64.85,81,93,7.63
361,Nicoya,CR,2021-10-10 16:36:06,10.1483,-85.452,85.55,69,92,3.76
362,Kem,RU,2021-10-10 16:36:07,64.9555,34.5793,52.57,93,100,12.66
363,Koungheul,SN,2021-10-10 16:36:07,13.9833,-14.8,94.35,43,57,6.24
364,Cortez,US,2021-10-10 16:36:07,37.3489,-108.5859,57.42,52,1,12.66
365,Tarko-Sale,RU,2021-10-10 16:36:08,64.9225,77.785,28.13,73,32,12.03
366,Taitung,TW,2021-10-10 16:36:08,22.7583,121.1444,79.93,65,78,14.09
367,Skjervoy,NO,2021-10-10 16:36:08,70.0311,20.9714,42.8,86,100,10.11
368,Riyadh,SA,2021-10-10 16:33:12,24.6877,46.7219,89.74,14,0,10.16
369,Vestmannaeyjar,IS,2021-10-10 16:36:09,63.4427,-20.2734,45.59,87,90,16.11
370,Laguna,US,2021-10-10 16:36:09,38.421,-121.4238,68.11,58,1,1.01
371,Roald,NO,2021-10-10 16:36:09,62.5833,6.1333,55.17,81,75,19.57
372,Saint-Michel-Des-Saints,CA,2021-10-10 16:36:10,46.6834,-73.9159,56.93,78,100,6.82
373,Hofn,IS,2021-10-10 16:36:10,64.2539,-15.2082,44.62,93,75,5.75
374,Gisborne,NZ,2021-10-10 16:36:10,-38.6533,178.0042,43.95,89,10,5.41
375,Taltal,CL,2021-10-10 16:36:11,-25.4,-70.4833,66.78,52,0,7.11
376,Nador,MA,2021-10-10 16:33:41,35.174,-2.9287,75.27,68,20,11.5
377,Banda Aceh,ID,2021-10-10 16:36:11,5.5577,95.3222,80.06,82,90,15.55
378,Rudnichnyy,RU,2021-10-10 16:36:12,59.617,52.4703,39.94,96,100,5.99
379,Caravelas,BR,2021-10-10 16:36:12,-17.7125,-39.2481,76.05,75,100,7.96
380,Tautira,PF,2021-10-10 16:36:12,-17.7333,-149.15,75.22,74,63,7.87
381,Norman Wells,CA,2021-10-10 16:36:13,65.282,-126.8329,32.04,93,90,9.22
382,Seoul,KR,2021-10-10 16:36:13,37.5683,126.9778,61.21,80,90,6.91
383,Jacksonville,US,2021-10-10 16:31:24,30.3322,-81.6556,81.01,73,75,1.01
384,Ludwigslust,DE,2021-10-10 16:36:13,53.3167,11.5,54.82,60,82,5.39
385,Ryotsu,JP,2021-10-10 16:36:14,38.0833,138.4333,71.64,81,2,10.09
386,Kamaishi,JP,2021-10-10 16:36:14,39.2667,141.8833,66.79,95,47,12.06
387,Sabang,ID,2021-10-10 16:36:15,5.8933,95.3214,82.56,80,78,24.52
388,Moose Factory,CA,2021-10-10 16:36:15,51.2585,-80.6094,68.0,77,75,11.5
389,Bay Roberts,CA,2021-10-10 16:36:15,47.5999,-53.2648,47.34,71,42,7.0
390,Sisimiut,GL,2021-10-10 16:36:15,66.9395,-53.6735,36.32,68,100,9.24
391,Nome,US,2021-10-10 16:36:16,64.5011,-165.4064,28.47,86,40,0.0
392,Mayo,US,2021-10-10 16:36:16,38.8876,-76.5119,71.94,89,90,7.0
393,Havre-Saint-Pierre,CA,2021-10-10 16:36:16,50.2334,-63.5986,54.19,71,90,12.66
394,Twentynine Palms,US,2021-10-10 16:34:19,34.1356,-116.0542,72.91,24,0,1.01
395,Chivay,PE,2021-10-10 16:36:17,-15.6383,-71.6011,63.68,38,64,3.18
396,Tashtagol,RU,2021-10-10 16:36:17,52.7657,87.8894,38.98,73,93,3.91
397,Ustye,RU,2021-10-10 16:36:18,59.6304,39.736,45.18,93,77,7.45
398,Effingham,US,2021-10-10 16:36:18,32.3669,-81.3332,78.98,78,39,9.08
399,Vila,PT,2021-10-10 16:36:18,42.0304,-8.1588,67.08,41,8,3.71
400,Mehran,IR,2021-10-10 16:36:19,33.1222,46.1646,83.68,12,0,9.78
401,Nantucket,US,2021-10-10 16:36:19,41.2835,-70.0995,66.31,76,90,14.97
402,Veranopolis,BR,2021-10-10 16:36:19,-28.9361,-51.5494,69.93,87,100,3.76
403,The Pas,CA,2021-10-10 16:36:20,53.8251,-101.2541,55.42,67,1,10.36
404,Vanderhoof,CA,2021-10-10 16:34:01,54.0166,-124.0198,39.04,67,83,11.72
405,Berlevag,NO,2021-10-10 16:36:20,70.8578,29.0864,42.6,91,100,9.24
406,Khasan,RU,2021-10-10 16:36:20,42.4308,130.6434,54.34,51,100,24.29
407,Le Vauclin,MQ,2021-10-10 16:36:21,14.5452,-60.8388,82.53,88,75,11.5
408,Yulara,AU,2021-10-10 16:36:21,-25.2406,130.9889,55.24,67,90,8.05
409,Ballarat,AU,2021-10-10 16:36:21,-37.5662,143.8496,39.49,99,38,3.38
410,Padang,ID,2021-10-10 16:36:22,-0.9492,100.3543,76.96,92,100,1.99
411,Harnosand,SE,2021-10-10 16:36:22,62.6323,17.9379,55.4,83,100,13.24
412,Ciudad Real,ES,2021-10-10 16:33:03,39.0,-4.0,79.14,34,98,1.01
413,Paramonga,PE,2021-10-10 16:36:23,-10.6667,-77.8333,69.26,74,64,9.13
414,Kitui,KE,2021-10-10 16:36:23,-1.367,38.0106,75.11,45,75,9.31
415,Moss Vale,AU,2021-10-10 16:36:23,-34.55,150.3833,45.16,98,100,6.29
416,Azua,DO,2021-10-10 16:36:24,18.4532,-70.7349,86.79,52,3,8.66
417,Lavrentiya,RU,2021-10-10 16:36:24,65.5833,-171.0,27.07,82,22,3.65
418,Troitsk,RU,2021-10-10 16:36:24,54.0979,61.5773,39.34,86,100,4.52
419,Amot,NO,2021-10-10 16:36:25,59.5714,7.9877,46.51,81,42,6.93
420,Bonthe,SL,2021-10-10 16:36:25,7.5264,-12.505,82.6,74,71,9.1
421,Zholymbet,KZ,2021-10-10 16:36:25,51.7433,71.7122,38.98,95,100,11.3
422,Basoko,CD,2021-10-10 16:36:26,1.2391,23.616,79.36,76,89,4.23
423,Canavieiras,BR,2021-10-10 16:36:26,-15.675,-38.9472,78.76,86,89,7.74
424,Half Moon Bay,US,2021-10-10 16:36:26,37.4636,-122.4286,66.99,75,90,0.0
425,North Bend,US,2021-10-10 16:36:27,43.4065,-124.2243,56.16,97,90,0.0
426,Goya,AR,2021-10-10 16:36:27,-29.14,-59.2626,76.32,60,93,6.91
427,Bontang,ID,2021-10-10 16:36:27,0.1333,117.5,78.73,87,100,6.67
428,Hasaki,JP,2021-10-10 16:36:28,35.7333,140.8333,66.6,69,39,16.89
429,Mascote,BR,2021-10-10 16:36:28,-15.5631,-39.3025,78.31,90,89,4.47
430,Mahajanga,MG,2021-10-10 16:36:28,-15.7167,46.3167,78.82,69,20,9.22
431,Alappuzha,IN,2021-10-10 16:36:29,9.49,76.3264,79.75,84,34,4.74
432,Broken Hill,AU,2021-10-10 16:32:14,-31.95,141.4333,49.71,57,99,17.27
433,Cacu,BR,2021-10-10 16:36:29,-18.5567,-51.1308,83.66,53,98,2.24
434,Fort Nelson,CA,2021-10-10 16:36:30,58.8053,-122.7002,33.39,64,75,2.3
435,Champerico,GT,2021-10-10 16:36:30,14.3,-91.9167,92.77,77,100,7.78
436,Bantry,IE,2021-10-10 16:36:30,51.6833,-9.45,60.75,78,97,3.06
437,Korla,CN,2021-10-10 16:36:31,41.7597,86.1469,49.66,38,16,5.82
438,Lagoa,PT,2021-10-10 16:36:31,39.05,-27.9833,70.18,87,100,18.97
439,Acajutla,SV,2021-10-10 16:36:31,13.5928,-89.8275,85.44,65,74,4.09
440,Mitsamiouli,KM,2021-10-10 16:36:32,-11.3847,43.2844,80.89,65,20,4.61
441,Dakar,SN,2021-10-10 16:36:32,14.6937,-17.4441,87.93,70,40,11.5
442,Fairbanks,US,2021-10-10 16:33:44,64.8378,-147.7164,34.61,94,90,5.75
443,Okhotsk,RU,2021-10-10 16:36:32,59.3833,143.3,22.84,83,5,7.52
444,Hadsund,DK,2021-10-10 16:36:33,56.7148,10.1168,55.11,88,29,9.44
445,Chihuahua,MX,2021-10-10 16:36:33,28.5,-106.0,74.23,22,1,17.2
446,Shingu,JP,2021-10-10 16:36:33,33.7333,135.9833,68.36,90,6,4.81
447,Kerema,PG,2021-10-10 16:36:34,-7.9631,145.7785,76.78,94,100,7.72
448,Vao,NC,2021-10-10 16:36:34,-22.6667,167.4833,69.82,64,2,16.98
449,Santa Rita,BR,2021-10-10 16:36:34,-7.1139,-34.9781,84.87,65,75,11.5
450,Balaipungut,ID,2021-10-10 16:36:35,1.05,101.2833,75.61,95,99,2.1
451,Nayoro,JP,2021-10-10 16:36:35,44.3506,142.4578,58.24,97,100,12.66
452,Amarante Do Maranhao,BR,2021-10-10 16:36:35,-5.5667,-46.7422,100.54,24,40,8.03
453,Iskateley,RU,2021-10-10 16:36:36,67.6803,53.1512,30.76,94,100,13.09
454,Wahpeton,US,2021-10-10 16:36:36,46.2652,-96.6059,53.76,87,90,12.66
455,Ninotsminda,GE,2021-10-10 16:36:36,41.2646,43.5916,50.45,52,3,1.28
456,La Asuncion,VE,2021-10-10 16:36:37,11.0333,-63.8628,85.21,68,91,6.35
457,Udalguri,IN,2021-10-10 16:36:37,26.7667,92.1333,77.95,79,0,3.56
458,Honningsvag,NO,2021-10-10 16:36:37,70.9821,25.9704,44.35,87,0,13.8
459,Nortelandia,BR,2021-10-10 16:36:38,-14.4547,-56.8028,88.47,50,100,4.83
460,Markova,UA,2021-10-10 16:36:38,48.6758,24.4138,45.99,48,27,4.97
461,Miandrivazo,MG,2021-10-10 16:36:38,-19.5167,45.4667,82.08,54,46,8.61
462,Ballina,AU,2021-10-10 16:36:39,-28.8667,153.5667,71.78,78,75,10.36
463,Loubomo,CG,2021-10-10 16:36:39,-4.1997,12.6739,79.77,67,100,2.37
464,Rio Gallegos,AR,2021-10-10 16:36:39,-51.6226,-69.2181,53.65,40,75,13.8
465,Henties Bay,NA,2021-10-10 16:36:40,-22.116,14.2845,65.86,65,5,5.5
466,Andenes,NO,2021-10-10 16:36:40,69.3143,16.1194,48.18,87,75,9.22
467,Kieta,PG,2021-10-10 16:36:41,-6.2167,155.6333,78.39,83,82,4.29
468,Apac,UG,2021-10-10 16:36:41,1.9756,32.5386,75.13,69,94,2.86
469,Miyako,JP,2021-10-10 16:36:41,39.6367,141.9525,65.64,93,15,9.66
470,Verkhoyansk,RU,2021-10-10 16:36:42,67.5447,133.385,33.66,60,100,6.35
471,Quimper,FR,2021-10-10 16:36:42,48.0,-4.1,64.98,63,75,11.5
472,Cruzilia,BR,2021-10-10 16:36:42,-21.8386,-44.8083,62.58,86,100,5.1
473,Shubarshi,KZ,2021-10-10 16:36:43,48.5872,57.1869,47.53,59,10,7.94
474,Oparino,RU,2021-10-10 16:36:43,59.8518,48.2783,45.48,96,100,7.16
475,Goderich,CA,2021-10-10 16:36:43,43.7501,-81.7165,67.91,88,100,9.22
476,Pathein,MM,2021-10-10 16:36:44,16.7833,94.7333,77.99,91,32,4.79
477,Shiyan,CN,2021-10-10 16:36:44,32.6475,110.7781,51.75,94,100,0.22
478,Mufulira,ZM,2021-10-10 16:36:44,-12.5498,28.2407,86.61,18,78,7.96
479,Souillac,MU,2021-10-10 16:36:45,-20.5167,57.5167,73.36,94,75,3.44
480,Asau,RO,2021-10-10 16:36:45,46.4333,26.4,46.76,53,31,2.89
481,Vedi,AM,2021-10-10 16:36:45,39.9142,44.7222,52.99,38,1,2.24
482,Verkhnechusovskiye Gorodki,RU,2021-10-10 16:36:46,58.1671,57.1086,38.95,75,93,0.83
483,Nisia Floresta,BR,2021-10-10 16:36:46,-6.0911,-35.2086,88.61,49,83,13.38
484,Owando,CG,2021-10-10 16:36:46,-0.4819,15.8999,73.18,96,100,3.74
485,Shestakovo,RU,2021-10-10 16:36:47,56.4915,103.96,39.88,83,100,10.38
486,Mulchen,CL,2021-10-10 16:36:47,-37.7167,-72.2333,57.06,47,81,2.59
487,Shelburne,CA,2021-10-10 16:36:47,44.0787,-80.2041,65.57,96,100,14.14
488,Parvatsar,IN,2021-10-10 16:36:48,26.8833,74.7667,82.33,44,0,8.32
489,Santa Maria,BR,2021-10-10 16:36:48,-29.6842,-53.8069,74.5,69,40,13.8
490,Tromso,NO,2021-10-10 16:34:57,69.6496,18.957,48.22,93,75,1.01
491,Kismayo,SO,2021-10-10 16:36:48,-0.3582,42.5454,78.28,86,56,14.43
492,Aksu,CN,2021-10-10 16:36:49,41.1231,80.2644,51.91,29,100,2.66
493,Strelka,RU,2021-10-10 16:36:49,58.0728,93.0344,34.34,89,100,7.58
494,Grindavik,IS,2021-10-10 16:36:49,63.8424,-22.4338,42.75,87,75,11.5
495,Olafsvik,IS,2021-10-10 16:36:50,64.8945,-23.7142,40.48,65,93,5.99
496,Jalalpur Pirwala,PK,2021-10-10 16:36:50,29.5069,71.2192,84.06,10,0,5.68
497,Labuhan,ID,2021-10-10 16:36:51,-6.8844,112.2051,78.71,76,71,10.89
498,Castelo Do Piaui,BR,2021-10-10 16:36:51,-5.3222,-41.5525,103.62,18,51,6.69
499,Mashhad,IR,2021-10-10 16:36:51,36.297,59.6062,48.34,37,0,6.91
500,Nyuksenitsa,RU,2021-10-10 16:36:51,60.4128,44.2397,47.5,91,100,8.34
501,Lakatoro,VU,2021-10-10 16:36:52,-16.0999,167.4164,77.52,83,99,14.45
502,Nyurba,RU,2021-10-10 16:36:52,63.2842,118.3319,33.71,79,82,12.35
503,Meulaboh,ID,2021-10-10 16:36:53,4.1363,96.1285,77.97,85,100,2.62
504,Pozo Colorado,PY,2021-10-10 16:36:53,-23.4923,-58.7972,71.76,95,100,4.36
505,Baiyin,CN,2021-10-10 16:36:53,36.5583,104.2081,43.68,54,100,3.18
506,Port-Gentil,GA,2021-10-10 16:36:54,-0.7193,8.7815,80.56,78,40,9.22
507,Basco,PH,2021-10-10 16:36:54,20.4487,121.9702,79.9,88,100,40.42
508,Miranda De Ebro,ES,2021-10-10 16:36:54,42.6865,-2.947,66.63,65,99,6.85
509,Demak,ID,2021-10-10 16:36:55,-6.8909,110.6396,80.6,69,68,5.08
510,Bull Savanna,JM,2021-10-10 16:36:55,17.8868,-77.5902,84.36,65,87,10.2
511,Kondoa,TZ,2021-10-10 16:36:55,-4.9,35.7833,77.41,36,79,9.89
512,Oksbol,DK,2021-10-10 16:36:56,55.6268,8.2876,56.82,82,40,8.86
513,Aranos,NA,2021-10-10 16:36:56,-24.1333,19.1167,75.67,8,0,11.68
514,Sao Gabriel Da Cachoeira,BR,2021-10-10 16:36:56,-0.1303,-67.0892,89.4,66,20,8.05
515,Alekseyevsk,RU,2021-10-10 16:36:57,57.8406,108.3492,35.96,69,100,10.0
516,Council Bluffs,US,2021-10-10 16:36:45,41.2619,-95.8608,67.41,65,40,16.11
517,Robertsport,LR,2021-10-10 16:36:57,6.7533,-11.3686,82.0,75,34,8.75
518,Ambon,ID,2021-10-10 16:36:58,-3.6954,128.1814,77.14,94,20,8.05
519,Kajaani,FI,2021-10-10 16:36:58,64.2273,27.7285,51.85,93,90,9.22
520,Konevo,RU,2021-10-10 16:36:58,62.1215,39.3192,50.18,84,100,10.33
521,Tambacounda,SN,2021-10-10 16:36:59,13.7539,-13.7586,96.85,49,40,6.91
522,Shelekhov,RU,2021-10-10 16:36:59,52.2139,104.1,37.78,74,6,3.87
523,Tiznit,MA,2021-10-10 16:36:59,29.5833,-9.5,80.4,30,100,0.89
524,Opuwo,NA,2021-10-10 16:37:00,-18.0607,13.84,91.29,8,0,7.76
525,Hambantota,LK,2021-10-10 16:37:00,6.1241,81.1185,80.58,81,100,18.41
526,Redcar,GB,2021-10-10 16:37:01,54.6166,-1.06,58.53,63,86,5.99
527,Goure,NE,2021-10-10 16:37:01,13.9835,10.2704,96.03,11,75,8.57
528,Kargopol,RU,2021-10-10 16:37:02,61.5071,38.9456,49.89,84,100,9.62
529,Gazanjyk,TM,2021-10-10 16:37:02,39.2446,55.5154,55.09,21,16,9.78
530,Mopti,ML,2021-10-10 16:37:03,14.6667,-4.0,101.44,8,64,3.47
531,Nalgonda,IN,2021-10-10 16:37:03,17.05,79.2667,80.46,69,85,4.63
532,Yzeure,FR,2021-10-10 16:37:04,46.5644,3.355,61.79,68,12,4.65
533,Ucluelet,CA,2021-10-10 16:36:24,48.9329,-125.5528,47.08,88,28,14.12
534,Mayna,RU,2021-10-10 16:37:04,54.1135,47.6231,41.77,66,73,4.41
535,Abnub,EG,2021-10-10 16:37:05,27.2696,31.1511,93.42,16,5,8.41
536,Pimentel,PE,2021-10-10 16:37:05,-6.8367,-79.9342,70.09,64,0,13.8
537,Marawi,PH,2021-10-10 16:37:05,7.9986,124.2928,67.64,93,100,7.05
538,Buraydah,SA,2021-10-10 16:37:06,26.326,43.975,93.65,13,0,10.92
539,Cayenne,GF,2021-10-10 16:37:06,4.9333,-52.3333,91.44,76,0,5.99
540,Jiamusi,CN,2021-10-10 16:36:04,46.8333,130.35,45.93,57,68,16.46
541,Shieli,KZ,2021-10-10 16:37:07,44.1667,66.75,49.41,36,14,7.38
542,North Myrtle Beach,US,2021-10-10 16:37:07,33.816,-78.68,74.05,84,90,9.22
543,Leningradskiy,RU,2021-10-10 16:37:07,69.3833,178.4167,18.09,91,100,4.85
544,Macheng,CN,2021-10-10 16:37:08,31.1783,115.0319,56.95,85,100,11.77
545,Saurimo,AO,2021-10-10 16:37:08,-9.6608,20.3916,86.02,23,67,3.51
546,Kungurtug,RU,2021-10-10 16:37:08,50.5994,97.5228,28.15,69,2,3.4
547,Aktau,KZ,2021-10-10 16:37:09,43.65,51.2,50.58,29,83,3.04
548,Itaituba,BR,2021-10-10 16:37:09,-4.2761,-55.9836,93.36,59,40,8.05
549,Butembo,CD,2021-10-10 16:37:09,0.15,29.2833,61.16,91,98,3.56
550,Batsfjord,NO,2021-10-10 16:37:10,70.6345,29.7185,42.8,93,75,3.44
551,Hami,CN,2021-10-10 16:37:10,42.8,93.45,50.56,24,0,5.99
552,Ponerihouen,NC,2021-10-10 16:37:11,-21.0833,165.4,70.59,65,37,12.44
553,Dolinsk,RU,2021-10-10 16:37:11,47.35,142.8,57.06,85,100,13.4
554,Kongolo,CD,2021-10-10 16:37:11,-5.3833,27.0,78.37,67,98,6.02
555,Yumen,CN,2021-10-10 16:37:12,40.2833,97.2,40.69,19,0,13.76
556,Borba,BR,2021-10-10 16:37:12,-4.3878,-59.5939,94.59,44,71,2.28
557,Kosjeric,RS,2021-10-10 16:37:12,43.9961,19.9069,43.29,98,100,2.95
558,Miri,MY,2021-10-10 16:37:13,4.4148,114.0089,78.94,100,40,2.3
559,Wewak,PG,2021-10-10 16:37:13,-3.5534,143.6268,78.48,88,99,7.87
560,Petropavlovsk-Kamchatskiy,RU,2021-10-10 16:37:14,53.0452,158.6483,36.19,81,75,4.47
561,Hadejia,NG,2021-10-10 16:37:14,12.4498,10.0444,91.85,18,100,4.68
562,Surgut,RU,2021-10-10 16:37:14,61.25,73.4167,28.58,80,40,6.71
563,Progreso,MX,2021-10-10 16:37:15,21.2833,-89.6667,87.91,62,76,6.58
564,Roura,GF,2021-10-10 16:37:15,4.7263,-52.3274,91.31,52,0,11.5
565,Uyskoye,RU,2021-10-10 16:37:15,54.3775,60.0047,40.19,94,100,3.22
566,Rawson,AR,2021-10-10 16:37:16,-43.3002,-65.1023,75.88,26,0,6.82
567,Erenhot,CN,2021-10-10 16:37:16,43.6475,111.9767,43.74,30,0,7.99
568,Telixtac,MX,2021-10-10 16:37:16,18.5667,-98.7667,80.42,58,23,1.97
569,Chor,PK,2021-10-10 16:37:17,25.5167,69.7667,88.05,46,0,16.49
